キャリア,地域,都道府県,店名,住所,URL
au,北海道,北海道,au Style 麻生,001-0045 北海道札幌市北区麻生町３丁目１０－１３　麻生ハヤシビル１階,https://www.au.com/storelocator/detail/?shopId=D-00004
au,北海道,北海道,au Style 篠路,002-8023 北海道札幌市北区篠路３条４丁目１番３８号,https://www.au.com/storelocator/detail/?shopId=D-00144
au,北海道,北海道,au Style 南郷７丁目,003-0022 北海道札幌市白石区南郷通7丁目南6-12,https://www.au.com/storelocator/detail/?shopId=D-00196
au,北海道,北海道,au Style 南郷１８丁目,003-0022 北海道札幌市白石区南郷通１９丁目南１番１号,https://www.au.com/storelocator/detail/?shopId=D-00297
au,北海道,北海道,au Style 西宮の沢,006-0004 北海道札幌市手稲区西宮の沢４条３丁目１－１２,https://www.au.com/storelocator/detail/?shopId=D-00287
au,北海道,北海道,au Style 函館ポールスター,041-0821 北海道函館市港町１丁目２－１ポールスターショッピングセンター内,https://www.au.com/storelocator/detail/?shopId=D-00285
au,北海道,北海道,au Style 日吉（北海道）,041-0841 北海道函館市日吉町1丁目14-11,https://www.au.com/storelocator/detail/?shopId=D-00198
au,北海道,北海道,au Style 中道,041-0853 北海道函館市中道２丁目　11-2,https://www.au.com/storelocator/detail/?shopId=D-00044
au,北海道,北海道,au Style イオン上磯,049-0111 北海道北斗市七重浜４丁目４４番１号　　イオン上磯店 １F,https://www.au.com/storelocator/detail/?shopId=D-00312
au,北海道,北海道,au Style 室蘭中島,050-0074 北海道室蘭市中島町１丁目２３－５,https://www.au.com/storelocator/detail/?shopId=D-00048
au,北海道,北海道,au Style 苫小牧西,053-0822 北海道苫小牧市川沿町６丁目２０－１１,https://www.au.com/storelocator/detail/?shopId=D-00095
au,北海道,北海道,au Style 札幌駅前通,060-0003 北海道札幌市中央区北3条西4丁目1-1日本生命札幌ビル1F,https://www.au.com/storelocator/detail/?shopId=D-00098
au,北海道,北海道,au Style 北広島,061-1121 北海道北広島市中央３－２－３,https://www.au.com/storelocator/detail/?shopId=D-00005
au,北海道,北海道,au Style 福住,062-0042 北海道札幌市豊平区福住２条４丁目５－１,https://www.au.com/storelocator/detail/?shopId=D-00222
au,北海道,北海道,au Style 宮の沢,063-0061 北海道札幌市西区西町北２０丁目３番１０号SRメディカルビル１階,https://www.au.com/storelocator/detail/?shopId=D-00101
au,北海道,北海道,au Style 札幌西町,063-0062 北海道札幌市西区西町南2丁目1-16　M34 札幌西町ビル1階,https://www.au.com/storelocator/detail/?shopId=D-00097
au,北海道,北海道,au Style 琴似駅前,063-0811 北海道札幌市西区琴似１条２丁目５－３,https://www.au.com/storelocator/detail/?shopId=D-00124
au,北海道,北海道,au Style 東区役所前,065-0011 北海道札幌市東区北１１条東８－１－３　高岡ビル１Ｆ,https://www.au.com/storelocator/detail/?shopId=D-00236
au,北海道,北海道,au Style 野幌,069-0824 北海道江別市東野幌本町３５番地５,https://www.au.com/storelocator/detail/?shopId=D-00003
au,北海道,北海道,au Style 旭橋,070-0841 北海道旭川市大町１条３－９－３１,https://www.au.com/storelocator/detail/?shopId=D-00077
au,北海道,北海道,au Style 神楽,070-8005 北海道旭川市神楽５条１２丁目１－４,https://www.au.com/storelocator/detail/?shopId=D-00152
au,北海道,北海道,au Style 末広,071-8131 北海道旭川市末広１条６丁目１－３７,https://www.au.com/storelocator/detail/?shopId=D-00030
au,北海道,北海道,au Style 富良野,076-0018 北海道富良野市弥生町4-40,https://www.au.com/storelocator/detail/?shopId=D-00078
au,北海道,北海道,au Style 豊岡環状,078-8235 北海道旭川市豊岡５条６－５－１５,https://www.au.com/storelocator/detail/?shopId=D-00052
au,北海道,北海道,au Style 永山,079-8420 北海道旭川市永山１０条４丁目５－１０,https://www.au.com/storelocator/detail/?shopId=D-00029
au,北海道,北海道,au Style 帯広稲田,080-0016 北海道帯広市西６条南３４丁目８４,https://www.au.com/storelocator/detail/?shopId=D-00118
au,北海道,北海道,au Style 帯広白樺通,080-0027 北海道帯広市西17条南3丁目２５－３,https://www.au.com/storelocator/detail/?shopId=D-00298
au,北海道,北海道,au Style 芦野,085-0061 北海道釧路市芦野１丁目８－１８,https://www.au.com/storelocator/detail/?shopId=D-00046
au,北海道,北海道,au Style 中標津,086-1002 北海道標津郡中標津町東２条南１１丁目６,https://www.au.com/storelocator/detail/?shopId=D-00037
au,北海道,北海道,au Style 北見東,090-0015 北海道北見市公園町84-1,https://www.au.com/storelocator/detail/?shopId=D-00296
au,北海道,北海道,au Style 三輪,090-0836 北海道北見市東三輪４丁目８－２４,https://www.au.com/storelocator/detail/?shopId=D-00153
au,北海道,北海道,au Style 網走,093-0033 北海道網走市駒場北５丁目８３－１０,https://www.au.com/storelocator/detail/?shopId=D-00017
au,北海道,北海道,au Style 江別,067-0072 北海道江別市一番町３０番２２,https://www.au.com/storelocator/detail/?shopId=D-00280
au,北海道,北海道,auショップ 札幌屯田,002-0856 北海道札幌市北区屯田６条４丁目４－３０,https://www.au.com/storelocator/detail/?shopId=D-00258
au,北海道,北海道,auショップ 東札幌,003-0003 北海道札幌市白石区東札幌３条４丁目１－１,https://www.au.com/storelocator/detail/?shopId=D-00010
au,北海道,北海道,auショップ 菊水元町,003-0822 北海道札幌市白石区菊水元町２条５丁目３－１３,https://www.au.com/storelocator/detail/?shopId=D-00113
au,北海道,北海道,auショップ 厚別中央,004-0051 北海道札幌市厚別区厚別中央１条４丁目１－２６,https://www.au.com/storelocator/detail/?shopId=D-00247
au,北海道,北海道,auショップ 新さっぽろデュオ,004-0052 北海道札幌市厚別区厚別中央２条５－６－２　アークシティデュオ１　Ｂ１Ｆ,https://www.au.com/storelocator/detail/?shopId=D-00071
au,北海道,北海道,auショップ 厚別西,004-0062 北海道札幌市厚別区厚別西２条４丁目２－１,https://www.au.com/storelocator/detail/?shopId=D-00237
au,北海道,北海道,auショップ 美しが丘,004-0813 北海道札幌市清田区美しが丘3条1丁目7番12号,https://www.au.com/storelocator/detail/?shopId=D-00166
au,北海道,北海道,auショップ 平岡,004-0863 北海道札幌市清田区北野３条５－１７,https://www.au.com/storelocator/detail/?shopId=D-00163
au,北海道,北海道,auショップ 真駒内五輪通,005-0012 北海道札幌市南区真駒内上町５丁目４－４,https://www.au.com/storelocator/detail/?shopId=D-00085
au,北海道,北海道,auショップ 手稲前田,006-0816 北海道札幌市手稲区前田６条１２丁目１－１,https://www.au.com/storelocator/detail/?shopId=D-00064
au,北海道,北海道,auショップ 東苗穂,007-0804 北海道札幌市東区東苗穂４条２－３－１　渡辺商業ビル　メディカル棟１階,https://www.au.com/storelocator/detail/?shopId=D-00011
au,北海道,北海道,auショップ 北栄,007-0849 北海道札幌市東区北４９条東８丁目２－１,https://www.au.com/storelocator/detail/?shopId=D-00080
au,北海道,北海道,auショップ 千代台,040-0013 北海道函館市千代台町21－5,https://www.au.com/storelocator/detail/?shopId=D-00106
au,北海道,北海道,auショップ 桔梗,041-0808 北海道函館市桔梗１－２４－３３,https://www.au.com/storelocator/detail/?shopId=D-00020
au,北海道,北海道,auショップ 江差,043-0021 北海道檜山郡江差町柳崎町２０７番地,https://www.au.com/storelocator/detail/?shopId=D-00293
au,北海道,北海道,auショップ 倶知安,044-0041 北海道虻田郡倶知安町南７条西１丁目１０－６,https://www.au.com/storelocator/detail/?shopId=D-00063
au,北海道,北海道,auショップ ウイングベイ小樽,047-0008 北海道小樽市築港１１－１　ウイングベイ小樽三番街１Ｆ,https://www.au.com/storelocator/detail/?shopId=D-00228
au,北海道,北海道,auショップ おたる花園,047-0024 北海道小樽市花園３丁目９－１６,https://www.au.com/storelocator/detail/?shopId=D-00025
au,北海道,北海道,auショップ 北斗,049-0111 北海道北斗市七重浜7丁目12-22,https://www.au.com/storelocator/detail/?shopId=D-00242
au,北海道,北海道,auショップ 松前,049-1501 北海道松前郡松前町建石５２番８,https://www.au.com/storelocator/detail/?shopId=D-00243
au,北海道,北海道,auショップ 八雲,049-3107 北海道二海郡八雲町本町１３１,https://www.au.com/storelocator/detail/?shopId=D-00073
au,北海道,北海道,auショップ 伊達,052-0014 北海道伊達市舟岡町236-1,https://www.au.com/storelocator/detail/?shopId=D-00102
au,北海道,北海道,auショップ 苫小牧東,053-0054 北海道苫小牧市明野新町１丁目1-2,https://www.au.com/storelocator/detail/?shopId=D-00225
au,北海道,北海道,auショップ 苫小牧中央,053-0852 北海道苫小牧市北光町４－１６－１７,https://www.au.com/storelocator/detail/?shopId=D-00232
au,北海道,北海道,auショップ 静内,056-0025 北海道日高郡新ひだか町静内木場町１丁目１－６９,https://www.au.com/storelocator/detail/?shopId=D-00076
au,北海道,北海道,auショップ 登別新生,059-0032 北海道登別市新生町３丁目１番地２号,https://www.au.com/storelocator/detail/?shopId=D-00279
au,北海道,北海道,auショップ 桑園駅前,060-0009 北海道札幌市中央区北９条西１５－２８－１９６　札幌ＩＴフロントビル１階,https://www.au.com/storelocator/detail/?shopId=D-00122
au,北海道,北海道,auショップ 狸小路,060-0062 北海道札幌市中央区南２条西２丁目６-２狸小路２丁目,https://www.au.com/storelocator/detail/?shopId=D-00183
au,北海道,北海道,auショップ 恵庭黄金,061-1409 北海道恵庭市黄金南７丁目１８-２の内,https://www.au.com/storelocator/detail/?shopId=D-00143
au,北海道,北海道,auショップ 恵庭市役所前,061-1414 北海道恵庭市漁町３,https://www.au.com/storelocator/detail/?shopId=D-00009
au,北海道,北海道,auショップ 藤野,061-2283 北海道札幌市南区藤野３条５丁目１-２３,https://www.au.com/storelocator/detail/?shopId=D-00068
au,北海道,北海道,auショップ 南平岸,062-0932 北海道札幌市豊平区平岸２条１３丁目３－１０,https://www.au.com/storelocator/detail/?shopId=D-00103
au,北海道,北海道,auショップ 札幌八軒,063-0845 北海道札幌市西区八軒5条西9丁目4番21号,https://www.au.com/storelocator/detail/?shopId=D-00059
au,北海道,北海道,auショップ 石山通り,064-0917 北海道札幌市中央区南１７条西１１丁目１－５,https://www.au.com/storelocator/detail/?shopId=D-00079
au,北海道,北海道,auショップ 元町,065-0023 北海道札幌市東区北２３条東２１－１－８,https://www.au.com/storelocator/detail/?shopId=D-00167
au,北海道,北海道,auショップ アリオ札幌,065-8518 北海道札幌市東区北７条東９丁目２－２０　アリオ札幌３F,https://www.au.com/storelocator/detail/?shopId=D-00295
au,北海道,北海道,auショップ 千歳中央大通,066-0037 北海道千歳市新富３丁目２－１９,https://www.au.com/storelocator/detail/?shopId=D-00220
au,北海道,北海道,auショップ 千歳,066-0064 北海道千歳市錦町２丁目7－１,https://www.au.com/storelocator/detail/?shopId=D-00008
au,北海道,北海道,auショップ 岩見沢,068-0851 北海道岩見沢市大和１条８丁目３番地外,https://www.au.com/storelocator/detail/?shopId=D-00090
au,北海道,北海道,auショップ イオンモール旭川駅前,070-0030 北海道旭川市宮下通７－２－５　イオンモール旭川駅前３F,https://www.au.com/storelocator/detail/?shopId=D-00104
au,北海道,北海道,auショップ 美唄,072-0023 北海道美唄市大通西１条南６－２－３,https://www.au.com/storelocator/detail/?shopId=D-00028
au,北海道,北海道,auショップ 滝川,073-0024 北海道滝川市東町２丁目４２－１５,https://www.au.com/storelocator/detail/?shopId=D-00049
au,北海道,北海道,auショップ 留萌,077-0024 北海道留萌市千鳥町１丁目４－２,https://www.au.com/storelocator/detail/?shopId=D-00035
au,北海道,北海道,auショップ 東光(北海道),078-8354 北海道旭川市東光１４条６丁目５-１,https://www.au.com/storelocator/detail/?shopId=D-00001
au,北海道,北海道,auショップ 帯広大通,080-0010 北海道帯広市大通南19丁目4番地1,https://www.au.com/storelocator/detail/?shopId=D-00061
au,北海道,北海道,auショップ おびひろ南,080-0020 北海道帯広市西１０条南１０丁目２番地,https://www.au.com/storelocator/detail/?shopId=D-00031
au,北海道,北海道,auショップ 音更木野,080-0301 北海道河東郡音更町木野大通西１３丁目１番２４,https://www.au.com/storelocator/detail/?shopId=D-00112
au,北海道,北海道,auショップ 釧路昭和,084-0909 北海道釧路市昭和南３丁目１６番２３号,https://www.au.com/storelocator/detail/?shopId=D-00226
au,北海道,北海道,auショップ 久寿里橋,085-0012 北海道釧路市川上町６丁目７番,https://www.au.com/storelocator/detail/?shopId=D-00110
au,北海道,北海道,auショップ 根室,087-0015 北海道根室市花咲町１－８,https://www.au.com/storelocator/detail/?shopId=D-00238
au,北海道,北海道,auショップ 士別,095-0029 北海道士別市大通西１８丁目４６３番１５２,https://www.au.com/storelocator/detail/?shopId=D-00233
au,北海道,北海道,auショップ 稚内,097-0002 北海道稚内市潮見１丁目６番１４号,https://www.au.com/storelocator/detail/?shopId=D-00053
au,北海道,北海道,auショップ 遠軽,099-0414 北海道紋別郡遠軽町南町3丁目3-12,https://www.au.com/storelocator/detail/?shopId=D-00292
au,北海道,北海道,auショップ 紋別,099-5171 北海道紋別市渚滑町１丁目２番１　シティもんべつ店内,https://www.au.com/storelocator/detail/?shopId=D-00033
au,北海道,北海道,auショップ 新琴似,001-0908 北海道札幌市北区新琴似８条１２丁目２－４,https://www.au.com/storelocator/detail/?shopId=D-00058
au,北海道,北海道,auショップ オーロラ,060-0042 北海道札幌市中央区大通西２丁目１　さっぽろ地下街オーロラタウン,https://www.au.com/storelocator/detail/?shopId=D-00013
au,北海道,北海道,auショップ 石狩,061-3257 北海道石狩市樽川７条１丁目３,https://www.au.com/storelocator/detail/?shopId=D-00234
au,北海道,北海道,auショップ 釧路新橋,085-0046 北海道釧路市新橋大通２丁目３－１１１,https://www.au.com/storelocator/detail/?shopId=D-00229
au,北海道,北海道,auショップ 名寄,096-0071 北海道名寄市徳田５１番地４,https://www.au.com/storelocator/detail/?shopId=D-00241
docomo,北海道,北海道,ドコモショップあいの里店,002-8071 北海道札幌市北区あいの里一条1-10,https://shop.smt.docomo.ne.jp/shop_detail/0100100117100/index.html
docomo,北海道,北海道,ドコモショップアクロスプラザ南２２条店,064-0922 北海道札幌市中央区南２２条西７丁目1-28,https://shop.smt.docomo.ne.jp/shop_detail/0131120200700/index.html
docomo,北海道,北海道,ドコモショップ旭川環状通東光店,078-8353 北海道旭川市東光十三条3-17,https://shop.smt.docomo.ne.jp/shop_detail/0135120101000/index.html
docomo,北海道,北海道,ドコモショップ旭川末広店,071-8121 北海道旭川市末広東一条一丁目2-2,https://shop.smt.docomo.ne.jp/shop_detail/0135120100700/index.html
docomo,北海道,北海道,ドコモショップ旭川中央店,070-0034 北海道旭川市四条通１４丁目左1,https://shop.smt.docomo.ne.jp/shop_detail/0100100201300/index.html
docomo,北海道,北海道,ドコモショップ旭川東光店,078-8231 北海道旭川市豊岡１条4-21,https://shop.smt.docomo.ne.jp/shop_detail/0100100115500/index.html
docomo,北海道,北海道,ドコモショップ旭川永山店,079-8420 北海道旭川市永山十条5-8,https://shop.smt.docomo.ne.jp/shop_detail/0100100094100/index.html
docomo,北海道,北海道,ドコモショップ朝里店,047-0152 北海道小樽市新光1-5,https://shop.smt.docomo.ne.jp/shop_detail/0100100267900/index.html
docomo,北海道,北海道,ドコモショップ足寄店,089-3717 北海道足寄郡足寄町南七条1-43,https://shop.smt.docomo.ne.jp/shop_detail/0100100133400/index.html
docomo,北海道,北海道,ドコモショップ厚別西店,004-0062 北海道札幌市厚別区厚別西二条3-13,https://shop.smt.docomo.ne.jp/shop_detail/0131120106800/index.html
docomo,北海道,北海道,ドコモショップＡＰｉＡ店（北海道）,060-0005 北海道札幌市中央区北五条西3 札幌駅南口広場地下街,https://shop.smt.docomo.ne.jp/shop_detail/0100100090300/index.html
docomo,北海道,北海道,ドコモショップイオン旭川永山店,079-8413 北海道旭川市永山三条2-11 イオン旭川永山店,https://shop.smt.docomo.ne.jp/shop_detail/0100100197700/index.html
docomo,北海道,北海道,ドコモショップイオン上磯店,049-0111 北海道北斗市七重浜4-44-1 イオン上磯店内,https://shop.smt.docomo.ne.jp/shop_detail/0100100226900/index.html
docomo,北海道,北海道,ドコモショップイオンモール旭川駅前店,070-0030 北海道旭川市宮下通７丁目2-5 イオンモール旭川駅前店,https://shop.smt.docomo.ne.jp/shop_detail/0100100236400/index.html
docomo,北海道,北海道,ドコモショップ石狩店,061-3259 北海道石狩市樽川９条１丁目5-1,https://shop.smt.docomo.ne.jp/shop_detail/0100100205000/index.html
docomo,北海道,北海道,ドコモショップ岩見沢店,068-0030 北海道岩見沢市十条西1-1,https://shop.smt.docomo.ne.jp/shop_detail/0100100111500/index.html
docomo,北海道,北海道,ドコモショップウイングベイ小樽店,047-0008 北海道小樽市築港11 ウイングベイ小樽３番街,https://shop.smt.docomo.ne.jp/shop_detail/0100100236600/index.html
docomo,北海道,北海道,ドコモショップ美しが丘店,004-0814 北海道札幌市清田区美しが丘４条６丁目2-8,https://shop.smt.docomo.ne.jp/shop_detail/0100100190200/index.html
docomo,北海道,北海道,ドコモショップ浦河店,057-0013 北海道浦河郡浦河町大通2-16-2,https://shop.smt.docomo.ne.jp/shop_detail/0100100052800/index.html
docomo,北海道,北海道,ドコモショップ江差店,043-0022 北海道檜山郡江差町字伏木戸町561,https://shop.smt.docomo.ne.jp/shop_detail/0132108502800/index.html
docomo,北海道,北海道,ドコモショップ恵庭店,061-1441 北海道恵庭市住吉町6-5,https://shop.smt.docomo.ne.jp/shop_detail/0100100153300/index.html
docomo,北海道,北海道,ドコモショップ江別店,069-0813 北海道江別市野幌町9-26,https://shop.smt.docomo.ne.jp/shop_detail/0100100158000/index.html
docomo,北海道,北海道,ドコモショップ江別野幌店,069-0831 北海道江別市野幌若葉町9-21,https://shop.smt.docomo.ne.jp/shop_detail/0131130603000/index.html
docomo,北海道,北海道,ドコモショップ音更木野店,080-0301 北海道河東郡音更町木野大通西1-17,https://shop.smt.docomo.ne.jp/shop_detail/0100100274600/index.html
docomo,北海道,北海道,ドコモショップ帯広稲田店,080-0016 北海道帯広市西六条南３４丁目83,https://shop.smt.docomo.ne.jp/shop_detail/0100100155100/index.html
docomo,北海道,北海道,ドコモショップ帯広大通南２８丁目店,080-0010 北海道帯広市大通南1-2,https://shop.smt.docomo.ne.jp/shop_detail/0100100087200/index.html
docomo,北海道,北海道,ドコモショップ帯広自由が丘店,080-0848 北海道帯広市自由が丘2-1,https://shop.smt.docomo.ne.jp/shop_detail/0100100273900/index.html
docomo,北海道,北海道,ドコモショップ帯広店,080-0043 北海道帯広市西１３条北1-4,https://shop.smt.docomo.ne.jp/shop_detail/0133120101100/index.html
docomo,北海道,北海道,ドコモショップオホーツク網走店,093-0034 北海道網走市つくしケ丘１丁目1-8,https://shop.smt.docomo.ne.jp/shop_detail/0134108700900/index.html
docomo,北海道,北海道,ドコモショップオホーツク遠軽店,099-0404 北海道紋別郡遠軽町大通北1-2-37,https://shop.smt.docomo.ne.jp/shop_detail/0134108701100/index.html
docomo,北海道,北海道,ドコモショップオホーツク斜里店,099-4117 北海道斜里郡斜里町青葉町6-33,https://shop.smt.docomo.ne.jp/shop_detail/0134108701300/index.html
docomo,北海道,北海道,ドコモショップオホーツク店,090-0834 北海道北見市とん田西町226-2 ドコモショップオホーツクビル,https://shop.smt.docomo.ne.jp/shop_detail/0134112200100/index.html
docomo,北海道,北海道,ドコモショップオホーツク美幌店,092-0027 北海道網走郡美幌町字稲美68,https://shop.smt.docomo.ne.jp/shop_detail/0134108701200/index.html
docomo,北海道,北海道,ドコモショップオホーツク紋別店,094-0007 北海道紋別市落石町12-28,https://shop.smt.docomo.ne.jp/shop_detail/0134108701000/index.html
docomo,北海道,北海道,ドコモショップキャポ大谷地店,004-0041 北海道札幌市厚別区大谷地東３丁目3-20 キャポ大谷地,https://shop.smt.docomo.ne.jp/shop_detail/0131120103600/index.html
docomo,北海道,北海道,ドコモショップ北郷店,003-0835 北海道札幌市白石区北郷五条1-30,https://shop.smt.docomo.ne.jp/shop_detail/0100100276500/index.html
docomo,北海道,北海道,ドコモショップ北３４条東店,007-0834 北海道札幌市東区北三十四条東８丁目1-5,https://shop.smt.docomo.ne.jp/shop_detail/0131150001900/index.html
docomo,北海道,北海道,ドコモショップ北広島店,061-1121 北海道北広島市中央６丁目11-9,https://shop.smt.docomo.ne.jp/shop_detail/0100100152000/index.html
docomo,北海道,北海道,ドコモショップ釧路光和店,088-0623 北海道釧路郡釧路町光和4-14-1,https://shop.smt.docomo.ne.jp/shop_detail/0133108601600/index.html
docomo,北海道,北海道,ドコモショップ釧路昭和店,084-0910 北海道釧路市昭和中央1-1,https://shop.smt.docomo.ne.jp/shop_detail/0100100074100/index.html
docomo,北海道,北海道,ドコモショップ釧路店,085-0015 北海道釧路市北大通10-1 ドコモ釧路ビル,https://shop.smt.docomo.ne.jp/shop_detail/0133120101400/index.html
docomo,北海道,北海道,ドコモショップ札幌環状通東店,065-0014 北海道札幌市東区北十四条東１５丁目3-30,https://shop.smt.docomo.ne.jp/shop_detail/0100100436700/index.html
docomo,北海道,北海道,ドコモショップ札幌北１条東店,060-0031 北海道札幌市中央区北１条東１１丁目15-55,https://shop.smt.docomo.ne.jp/shop_detail/0100100436800/index.html
docomo,北海道,北海道,ドコモショップ札幌光星店,065-0007 北海道札幌市東区北七条東８丁目2-5 ＦＡ－Ｎ７ビル,https://shop.smt.docomo.ne.jp/shop_detail/0131120108400/index.html
docomo,北海道,北海道,ドコモショップ札幌店,060-0061 北海道札幌市中央区南一条西1-4 大成札幌ビル,https://shop.smt.docomo.ne.jp/shop_detail/0131120100100/index.html
docomo,北海道,北海道,ドコモショップ札幌八軒店,063-0846 北海道札幌市西区八軒六条西六丁目1-10,https://shop.smt.docomo.ne.jp/shop_detail/0100100276900/index.html
docomo,北海道,北海道,ドコモショップ札幌北大通り店,001-0021 北海道札幌市北区北二十一条西2-28,https://shop.smt.docomo.ne.jp/shop_detail/0100100158200/index.html
docomo,北海道,北海道,ドコモショップ札幌山鼻店,064-0811 北海道札幌市中央区南十一条西1-8,https://shop.smt.docomo.ne.jp/shop_detail/0131120201400/index.html
docomo,北海道,北海道,ドコモショップ栄町店,007-0841 北海道札幌市東区北四十一条東１７丁目2-5,https://shop.smt.docomo.ne.jp/shop_detail/0131150002800/index.html
docomo,北海道,北海道,ドコモショップ札内店,089-0535 北海道中川郡幕別町札内桜町83-14,https://shop.smt.docomo.ne.jp/shop_detail/0100100150400/index.html
docomo,北海道,北海道,ドコモショップシーナシーナ琴似店,063-0812 北海道札幌市西区琴似２条１丁目4-1 ＣｉｉＮＡＣｉｉＮＡ琴似,https://shop.smt.docomo.ne.jp/shop_detail/0131120303600/index.html
docomo,北海道,北海道,ドコモショップシーナシーナ福住店,062-0042 北海道札幌市豊平区福住二条１丁目2-5,https://shop.smt.docomo.ne.jp/shop_detail/0100100035200/index.html
docomo,北海道,北海道,ドコモショップ静内店,056-0025 北海道日高郡新ひだか町静内木場町2-3,https://shop.smt.docomo.ne.jp/shop_detail/0100100046700/index.html
docomo,北海道,北海道,ドコモショップ篠路店,002-8023 北海道札幌市北区篠路三条1-1,https://shop.smt.docomo.ne.jp/shop_detail/0131120103500/index.html
docomo,北海道,北海道,ドコモショップ白石中央店,003-0012 北海道札幌市白石区中央二条10-23,https://shop.smt.docomo.ne.jp/shop_detail/0131120200100/index.html
docomo,北海道,北海道,ドコモショップ新琴似店,001-0907 北海道札幌市北区新琴似七条１０丁目4-20,https://shop.smt.docomo.ne.jp/shop_detail/0100100035300/index.html
docomo,北海道,北海道,ドコモショップ新札幌店,004-0052 北海道札幌市厚別区厚別中央二条5-2-30 新札幌ジェムシティー,https://shop.smt.docomo.ne.jp/shop_detail/0100100084800/index.html
docomo,北海道,北海道,ドコモショップ新橋大曲店（北海道）,085-0037 北海道釧路市柳町10-7,https://shop.smt.docomo.ne.jp/shop_detail/0100100084400/index.html
docomo,北海道,北海道,ドコモショップ新ひだか店,056-0026 北海道日高郡新ひだか町静内末広町2-1 イオン静内店,https://shop.smt.docomo.ne.jp/shop_detail/0100100148900/index.html
docomo,北海道,北海道,ドコモショップススキノ十字街店,064-0804 北海道札幌市中央区南四条西9-4 ススキノ十字街ビル,https://shop.smt.docomo.ne.jp/shop_detail/0131120107300/index.html
docomo,北海道,北海道,ドコモショップ砂川店,073-0101 北海道砂川市空知太東１条4-360-2,https://shop.smt.docomo.ne.jp/shop_detail/0135108802100/index.html
docomo,北海道,北海道,ドコモショップ澄川店,005-0003 北海道札幌市南区澄川三条4-5 ジンビル澄川２,https://shop.smt.docomo.ne.jp/shop_detail/0100100081600/index.html
docomo,北海道,北海道,ドコモショップ桑園店,060-0009 北海道札幌市中央区北九条西15-28-196 札幌ＩＴフロントビル,https://shop.smt.docomo.ne.jp/shop_detail/0131120209200/index.html
docomo,北海道,北海道,ドコモショップ空知店,068-0029 北海道岩見沢市九条西1-3,https://shop.smt.docomo.ne.jp/shop_detail/0131120400200/index.html
docomo,北海道,北海道,ドコモショップ滝川店,073-0024 北海道滝川市東町2-44-8,https://shop.smt.docomo.ne.jp/shop_detail/0131120801300/index.html
docomo,北海道,北海道,ドコモショップ端野店,099-2103 北海道北見市端野町三区572-1 東武イーストモール店内,https://shop.smt.docomo.ne.jp/shop_detail/0100100082100/index.html
docomo,北海道,北海道,ドコモショップ伊達店（北海道）,052-0021 北海道伊達市末永町8-4,https://shop.smt.docomo.ne.jp/shop_detail/0100100007200/index.html
docomo,北海道,北海道,ドコモショップ千歳富士店,066-0039 北海道千歳市富士３丁目6-13,https://shop.smt.docomo.ne.jp/shop_detail/0131120300300/index.html
docomo,北海道,北海道,ドコモショップツインハープ旭神店,078-8373 北海道旭川市旭神三条2-2,https://shop.smt.docomo.ne.jp/shop_detail/0100100149900/index.html
docomo,北海道,北海道,ドコモショップ手稲店,006-0816 北海道札幌市手稲区前田六条1-12,https://shop.smt.docomo.ne.jp/shop_detail/0131120107200/index.html
docomo,北海道,北海道,ドコモショップとかち店,080-2469 北海道帯広市西１９条南３丁目1-54,https://shop.smt.docomo.ne.jp/shop_detail/0133120101000/index.html
docomo,北海道,北海道,ドコモショップ苫小牧明野新町店,053-0054 北海道苫小牧市明野新町１丁目1-7,https://shop.smt.docomo.ne.jp/shop_detail/0100100035600/index.html
docomo,北海道,北海道,ドコモショップ苫小牧店,053-0033 北海道苫小牧市木場町4-10,https://shop.smt.docomo.ne.jp/shop_detail/0191101130100/index.html
docomo,北海道,北海道,ドコモショップ苫小牧バイパス店,059-1271 北海道苫小牧市澄川町４丁目1-12,https://shop.smt.docomo.ne.jp/shop_detail/0100100283100/index.html
docomo,北海道,北海道,ドコモショップ富川店,055-0006 北海道沙流郡日高町富川南2-5 マックスバリュ富川店内,https://shop.smt.docomo.ne.jp/shop_detail/0100100152200/index.html
docomo,北海道,北海道,ドコモショップ豊平店,062-0903 北海道札幌市豊平区豊平三条８丁目1-53,https://shop.smt.docomo.ne.jp/shop_detail/0131120108100/index.html
docomo,北海道,北海道,ドコモショップ中標津店,086-1146 北海道標津郡中標津町南町3-10 東武サウスヒルズ内,https://shop.smt.docomo.ne.jp/shop_detail/0100100047500/index.html
docomo,北海道,北海道,ドコモショップ中島公園店,064-0809 北海道札幌市中央区南九条西1-25 カームハイツ,https://shop.smt.docomo.ne.jp/shop_detail/0100100035500/index.html
docomo,北海道,北海道,ドコモショップ名寄店,096-0014 北海道名寄市西四条南8-1,https://shop.smt.docomo.ne.jp/shop_detail/0135108801900/index.html
docomo,北海道,北海道,ドコモショップ日専連春採店,085-0813 北海道釧路市春採７丁目1-24 コーチャンフォー釧路店内,https://shop.smt.docomo.ne.jp/shop_detail/0100100117200/index.html
docomo,北海道,北海道,ドコモショップ西町店,063-0062 北海道札幌市西区西町南2-1 千代田発寒橋ビル,https://shop.smt.docomo.ne.jp/shop_detail/0131120303400/index.html
docomo,北海道,北海道,ドコモショップ根室店,087-0021 北海道根室市幸町1-6,https://shop.smt.docomo.ne.jp/shop_detail/0100100005700/index.html
docomo,北海道,北海道,ドコモショップ登別店,059-0035 北海道登別市若草町2-14-15,https://shop.smt.docomo.ne.jp/shop_detail/0100100034500/index.html
docomo,北海道,北海道,ドコモショップ函館駅前店,040-0035 北海道函館市松風町7-20,https://shop.smt.docomo.ne.jp/shop_detail/0100100094300/index.html
docomo,北海道,北海道,ドコモショップ函館新道店,041-0802 北海道函館市石川町173-3,https://shop.smt.docomo.ne.jp/shop_detail/0100100205400/index.html
docomo,北海道,北海道,ドコモショップ函館店,040-0001 北海道函館市五稜郭町12-16 ピュアパレス五稜郭,https://shop.smt.docomo.ne.jp/shop_detail/0132120201000/index.html
docomo,北海道,北海道,ドコモショップ函館戸倉店,042-0953 北海道函館市戸倉町320-1,https://shop.smt.docomo.ne.jp/shop_detail/0100100220000/index.html
docomo,北海道,北海道,ドコモショップ函館本通店,041-0851 北海道函館市本通4-16-22,https://shop.smt.docomo.ne.jp/shop_detail/0100100053400/index.html
docomo,北海道,北海道,ドコモショップ花園店（北海道）,047-0024 北海道小樽市花園10-11,https://shop.smt.docomo.ne.jp/shop_detail/0131120700400/index.html
docomo,北海道,北海道,ドコモショップ平岡店,004-0864 北海道札幌市清田区北野四条5-7,https://shop.smt.docomo.ne.jp/shop_detail/0100100124700/index.html
docomo,北海道,北海道,ドコモショップ深川店,074-0004 北海道深川市４条9-6,https://shop.smt.docomo.ne.jp/shop_detail/0135108802000/index.html
docomo,北海道,北海道,ドコモショップ伏古店,007-0865 北海道札幌市東区伏古五条4-6,https://shop.smt.docomo.ne.jp/shop_detail/0131120202900/index.html
docomo,北海道,北海道,ドコモショップ富良野店,076-0032 北海道富良野市若松町16-20,https://shop.smt.docomo.ne.jp/shop_detail/0135108801800/index.html
docomo,北海道,北海道,ドコモショップフレスポ恵み野店,061-1376 北海道恵庭市恵み野里美２丁目15 フレスポ恵み野ノースエリア内,https://shop.smt.docomo.ne.jp/shop_detail/0100100045900/index.html
docomo,北海道,北海道,ドコモショップＢＲＡＮＣＨ札幌月寒店,062-0053 北海道札幌市豊平区月寒東３条１１丁目5-21,https://shop.smt.docomo.ne.jp/shop_detail/0100100429400/index.html
docomo,北海道,北海道,ドコモショップ北斗店,049-0111 北海道北斗市七重浜７丁目2-14,https://shop.smt.docomo.ne.jp/shop_detail/0100100215800/index.html
docomo,北海道,北海道,ドコモショップ星が浦店,084-0912 北海道釧路市星が浦大通7-12,https://shop.smt.docomo.ne.jp/shop_detail/0133120102000/index.html
docomo,北海道,北海道,ドコモショップ真駒内川沿店,005-0801 北海道札幌市南区川沿１条１丁目3-58 第２藤川ビル,https://shop.smt.docomo.ne.jp/shop_detail/0100100279900/index.html
docomo,北海道,北海道,ドコモショップ円山店,064-0820 北海道札幌市中央区大通西1-12,https://shop.smt.docomo.ne.jp/shop_detail/0100100074000/index.html
docomo,北海道,北海道,ドコモショップ南大通店,060-0061 北海道札幌市中央区南一条西5 郵政福祉札幌第１ビル,https://shop.smt.docomo.ne.jp/shop_detail/0131120108300/index.html
docomo,北海道,北海道,ドコモショップ南平岸店,062-0933 北海道札幌市豊平区平岸三条1-23,https://shop.smt.docomo.ne.jp/shop_detail/0100100216100/index.html
docomo,北海道,北海道,ドコモショップ美原店,041-0806 北海道函館市美原8-8,https://shop.smt.docomo.ne.jp/shop_detail/0132120101100/index.html
docomo,北海道,北海道,ドコモショップ宮の沢店,063-0051 北海道札幌市西区宮の沢１条５丁目1-7,https://shop.smt.docomo.ne.jp/shop_detail/0100100079400/index.html
docomo,北海道,北海道,ドコモショップ室蘭店,050-0074 北海道室蘭市中島町9-4,https://shop.smt.docomo.ne.jp/shop_detail/0131130601800/index.html
docomo,北海道,北海道,ドコモショップ芽室店,082-0801 北海道河西郡芽室町東めむろ一条北2-1,https://shop.smt.docomo.ne.jp/shop_detail/0100100128700/index.html
docomo,北海道,北海道,ドコモショップ八雲店,049-3107 北海道二海郡八雲町本町88,https://shop.smt.docomo.ne.jp/shop_detail/0100100092700/index.html
docomo,北海道,北海道,ドコモショップ余市店,046-0003 北海道余市郡余市町黒川町10-60-1,https://shop.smt.docomo.ne.jp/shop_detail/0100100275300/index.html
docomo,北海道,北海道,ドコモショップようてい店,044-0041 北海道虻田郡倶知安町南七条西１丁目10-7,https://shop.smt.docomo.ne.jp/shop_detail/0100100053900/index.html
docomo,北海道,北海道,ドコモショップ留萌店,077-0044 北海道留萌市錦町４丁目2-13,https://shop.smt.docomo.ne.jp/shop_detail/0135108801700/index.html
docomo,北海道,北海道,ドコモショップ稚内大黒店,097-0005 北海道稚内市大黒２丁目5-28,https://shop.smt.docomo.ne.jp/shop_detail/0135130103700/index.html
docomo,北海道,北海道,ドコモショップ帯広競馬場通店,080-0020 北海道帯広市西１０条南１０丁目2,https://shop.smt.docomo.ne.jp/shop_detail/0100100077500/index.html
softbank,北海道,北海道,ソフトバンク あいの里,北海道札幌市北区あいの里一条５丁目２‐３　東光ストア‐あいの里店１階,https://www.softbank.jp/shop/search/detail/D322/
softbank,北海道,北海道,ソフトバンク ふらの,北海道富良野市桂木町３‐３,https://www.softbank.jp/shop/search/detail/D402/
softbank,北海道,北海道,ソフトバンク ようてい倶知安,北海道虻田郡倶知安町南七条西１丁目１０‐２‐３,https://www.softbank.jp/shop/search/detail/DB22/
softbank,北海道,北海道,ソフトバンク アリオ札幌,北海道札幌市東区北七条東９丁目２‐２０,https://www.softbank.jp/shop/search/detail/D435/
softbank,北海道,北海道,ソフトバンク イオンモール旭川西,北海道旭川市緑町２３丁目２１６１‐３　イオンモール旭川西３階,https://www.softbank.jp/shop/search/detail/D445/
softbank,北海道,北海道,ソフトバンク イオンモール旭川駅前,北海道旭川市宮下通７丁目２番５号　イオンモール旭川駅前３Ｆ,https://www.softbank.jp/shop/search/detail/DB05/
softbank,北海道,北海道,ソフトバンク イオン上磯,北海道北斗市七重浜４丁目４４‐１イオン上磯店内,https://www.softbank.jp/shop/search/detail/D390/
softbank,北海道,北海道,ソフトバンク イオン伊達,北海道伊達市末永町８番地１　イオン伊達店１階,https://www.softbank.jp/shop/search/detail/D392/
softbank,北海道,北海道,ソフトバンク イオン名寄,北海道名寄市字徳田８０‐１イオン名寄ショッピングセンター,https://www.softbank.jp/shop/search/detail/D396/
softbank,北海道,北海道,ソフトバンク イオン旭川春光,北海道旭川市春光町１０番地　イオン旭川春光ショッピングセンター１Ｆ,https://www.softbank.jp/shop/search/detail/DB34/
softbank,北海道,北海道,ソフトバンク イオン滝川,北海道滝川市東町２丁目２５‐３,https://www.softbank.jp/shop/search/detail/D381/
softbank,北海道,北海道,ソフトバンク インターヴィレッジ大曲,北海道北広島市大曲幸町６丁目１番地　インターヴィレッジ大曲店内１Ｆ,https://www.softbank.jp/shop/search/detail/D440/
softbank,北海道,北海道,ソフトバンク ウイングベイ小樽,北海道小樽市築港１１番　ウイングベイ小樽３番街１Ｆ,https://www.softbank.jp/shop/search/detail/D346/
softbank,北海道,北海道,ソフトバンク ショップサテライトイオン札幌西岡,北海道札幌市豊平区西岡三条３丁目４‐１,https://www.softbank.jp/shop/search/detail/DB42/
softbank,北海道,北海道,ソフトバンク ショップサテライトイオン札幌西町店,北海道札幌市西区西町南６丁目１‐１,https://www.softbank.jp/shop/search/detail/DB38/
softbank,北海道,北海道,ソフトバンク ショップサテライトイオン東札幌,北海道札幌市白石区東札幌三条２丁目１,https://www.softbank.jp/shop/search/detail/DB43/
softbank,北海道,北海道,ソフトバンク ショップサテライトグランディールイチイ,北海道函館市美原１丁目３‐１,https://www.softbank.jp/shop/search/detail/DB45/
softbank,北海道,北海道,ソフトバンク ショップサテライトフレスポスズランプラザ,北海道帯広市稲田町南８線西１０‐１,https://www.softbank.jp/shop/search/detail/DB41/
softbank,北海道,北海道,ソフトバンク ショップサテライト野幌,北海道江別市野幌町１０‐１,https://www.softbank.jp/shop/search/detail/DB44/
softbank,北海道,北海道,ソフトバンク ショップサテライトＣｉｉＮＡ　ＣｉｉＮＡ福住,北海道札幌市豊平区福住二条１丁目２‐５,https://www.softbank.jp/shop/search/detail/DB37/
softbank,北海道,北海道,ソフトバンク ショップサテライトＭＥＧＡドン・キホーテ篠路店,北海道札幌市北区太平十二条１丁目１‐１,https://www.softbank.jp/shop/search/detail/DB36/
softbank,北海道,北海道,ソフトバンク ショップサテライトＭＥＧＡドン・キホーテ西帯広,北海道帯広市西二十一条南４丁目１,https://www.softbank.jp/shop/search/detail/DB40/
softbank,北海道,北海道,ソフトバンク シーナシーナ琴似,北海道札幌市西区琴似二条１丁目４‐１,https://www.softbank.jp/shop/search/detail/D378/
softbank,北海道,北海道,ソフトバンク フレスポ中標津,北海道標津郡中標津町東十六条南１１丁目１‐１,https://www.softbank.jp/shop/search/detail/D452/
softbank,北海道,北海道,ソフトバンク フレスポ恵み野,北海道恵庭市恵み野里美２丁目１５　フレスポ恵み野３０２０区画,https://www.softbank.jp/shop/search/detail/DB13/
softbank,北海道,北海道,ソフトバンク ポールスター函館,北海道函館市港町１丁目２‐１,https://www.softbank.jp/shop/search/detail/DB35/
softbank,北海道,北海道,ソフトバンク マックスバリュ静内,北海道日高郡新ひだか町静内木場町１丁目１番６９号,https://www.softbank.jp/shop/search/detail/D448/
softbank,北海道,北海道,ソフトバンク マルヤマクラス,北海道札幌市中央区南一条西２７丁目１‐１　マルヤマクラス地下１階,https://www.softbank.jp/shop/search/detail/DB07/
softbank,北海道,北海道,ソフトバンク ヨドバシ札幌,北海道札幌市北区北六条西５丁目１‐２２,https://www.softbank.jp/shop/search/detail/D405/
softbank,北海道,北海道,ソフトバンク ラソラ札幌,北海道札幌市白石区東札幌四条１丁目１番１号ラソラ札幌Ｂタウン１階,https://www.softbank.jp/shop/search/detail/DB19/
softbank,北海道,北海道,ソフトバンク 余市,北海道余市郡余市町大川町８丁目４０‐１,https://www.softbank.jp/shop/search/detail/D345/
softbank,北海道,北海道,ソフトバンク 八幡通,北海道函館市大川町８‐２６,https://www.softbank.jp/shop/search/detail/D375/
softbank,北海道,北海道,ソフトバンク 八雲,北海道二海郡八雲町東雲町２０‐５　マックスバリュ八雲店内,https://www.softbank.jp/shop/search/detail/D357/
softbank,北海道,北海道,ソフトバンク 函館昭和タウンプラザ,北海道函館市昭和１丁目２９‐２　ホクレンショップ内,https://www.softbank.jp/shop/search/detail/D353/
softbank,北海道,北海道,ソフトバンク 函館湯の川,北海道函館市湯川町２丁目１８‐１１,https://www.softbank.jp/shop/search/detail/D356/
softbank,北海道,北海道,ソフトバンク 函館美原,北海道函館市美原１丁目３７番１４号,https://www.softbank.jp/shop/search/detail/D336/
softbank,北海道,北海道,ソフトバンク 北広島,北海道北広島市美沢１丁目１‐３,https://www.softbank.jp/shop/search/detail/D321/
softbank,北海道,北海道,ソフトバンク 北見三輪,北海道北見市東三輪４丁目１６‐１４３,https://www.softbank.jp/shop/search/detail/D370/
softbank,北海道,北海道,ソフトバンク 北見駅前,北海道北見市大通西５丁目１４番,https://www.softbank.jp/shop/search/detail/D314/
softbank,北海道,北海道,ソフトバンク 千歳,北海道千歳市信濃４丁目１‐２,https://www.softbank.jp/shop/search/detail/D382/
softbank,北海道,北海道,ソフトバンク 千歳３６号,北海道千歳市錦町２丁目２０,https://www.softbank.jp/shop/search/detail/D449/
softbank,北海道,北海道,ソフトバンク 南郷１０丁目,北海道札幌市白石区南郷通１０丁目南４‐５,https://www.softbank.jp/shop/search/detail/D422/
softbank,北海道,北海道,ソフトバンク 厚別,北海道札幌市厚別区厚別西四条２丁目８‐７　トライアル厚別店内,https://www.softbank.jp/shop/search/detail/D437/
softbank,北海道,北海道,ソフトバンク 厚別東,北海道札幌市厚別区厚別東五条８丁目１番１０号,https://www.softbank.jp/shop/search/detail/D366/
softbank,北海道,北海道,ソフトバンク 室蘭,北海道室蘭市中島町１丁目２５‐９,https://www.softbank.jp/shop/search/detail/D324/
softbank,北海道,北海道,ソフトバンク 屯田,北海道札幌市北区屯田八条２丁目８番２０号,https://www.softbank.jp/shop/search/detail/D436/
softbank,北海道,北海道,ソフトバンク 岩見沢,北海道岩見沢市十条東３丁目１‐４五十嵐ビル１Ｆ,https://www.softbank.jp/shop/search/detail/D368/
softbank,北海道,北海道,ソフトバンク 帯広白樺通,北海道帯広市西十七条南３丁目４番９号,https://www.softbank.jp/shop/search/detail/D349/
softbank,北海道,北海道,ソフトバンク 帯広稲田,北海道帯広市西五条南３４丁目３０番地,https://www.softbank.jp/shop/search/detail/DB21/
softbank,北海道,北海道,ソフトバンク 帯広西,北海道帯広市西二十一条南２丁目２７‐５,https://www.softbank.jp/shop/search/detail/DB17/
softbank,北海道,北海道,ソフトバンク 平岡,北海道札幌市清田区平岡四条１丁目２　第５アジアビル１Ｆ,https://www.softbank.jp/shop/search/detail/D389/
softbank,北海道,北海道,ソフトバンク 恵庭バイパス,北海道恵庭市黄金南７丁目１８ー３,https://www.softbank.jp/shop/search/detail/D446/
softbank,北海道,北海道,ソフトバンク 手稲,北海道札幌市手稲区前田六条１１丁目１番２２号,https://www.softbank.jp/shop/search/detail/DB32/
softbank,北海道,北海道,ソフトバンク 新さっぽろデュオ,北海道札幌市厚別区厚別中央二条５丁目６‐２　新さっぽろアークシティ　デュオ１　Ｂ１Ｆ,https://www.softbank.jp/shop/search/detail/DB00/
softbank,北海道,北海道,ソフトバンク 新琴似,北海道札幌市北区新琴似一条６丁目４‐１０,https://www.softbank.jp/shop/search/detail/D360/
softbank,北海道,北海道,ソフトバンク 新発寒,北海道札幌市手稲区新発寒五条１丁目２番１号,https://www.softbank.jp/shop/search/detail/D398/
softbank,北海道,北海道,ソフトバンク 旭川神楽,北海道旭川市神楽四条９丁目３‐３０,https://www.softbank.jp/shop/search/detail/D454/
softbank,北海道,北海道,ソフトバンク 明野新町,北海道苫小牧市明野新町２丁目２‐２５,https://www.softbank.jp/shop/search/detail/DB30/
softbank,北海道,北海道,ソフトバンク 星置,北海道札幌市手稲区星置一条２丁目　ラッキー星置駅前店内,https://www.softbank.jp/shop/search/detail/D348/
softbank,北海道,北海道,ソフトバンク 末広,北海道旭川市末広東一条３丁目１‐１６,https://www.softbank.jp/shop/search/detail/D328/
softbank,北海道,北海道,ソフトバンク 札内,北海道中川郡幕別町札内西町４０番１４,https://www.softbank.jp/shop/search/detail/D438/
softbank,北海道,北海道,ソフトバンク 札幌中央,北海道札幌市中央区南三条西１丁目３‐４　河村ビル,https://www.softbank.jp/shop/search/detail/D393/
softbank,北海道,北海道,ソフトバンク 札幌元町,北海道札幌市東区北二十七条東１５丁目３９９番地６　ラポール元町第２,https://www.softbank.jp/shop/search/detail/D369/
softbank,北海道,北海道,ソフトバンク 札幌北栄,北海道札幌市東区北四十八条東８丁目２番１５号,https://www.softbank.jp/shop/search/detail/D361/
softbank,北海道,北海道,ソフトバンク 札幌大通,北海道札幌市中央区大通西１０丁目４‐１４　南大通ビル１Ｆ,https://www.softbank.jp/shop/search/detail/D432/
softbank,北海道,北海道,ソフトバンク 札幌山鼻,北海道札幌市中央区南十一条西１１丁目２‐１Ｍ３４札幌山鼻ビル１Ｆ,https://www.softbank.jp/shop/search/detail/D380/
softbank,北海道,北海道,ソフトバンク 札幌川沿,北海道札幌市南区川沿十五条１丁目１‐６０,https://www.softbank.jp/shop/search/detail/D372/
softbank,北海道,北海道,ソフトバンク 札幌平岸,北海道札幌市豊平区平岸二条１３丁目３‐１０,https://www.softbank.jp/shop/search/detail/DB15/
softbank,北海道,北海道,ソフトバンク 札幌新川,北海道札幌市北区北二十三条西１４丁目６番地４,https://www.softbank.jp/shop/search/detail/D416/
softbank,北海道,北海道,ソフトバンク 札幌東,北海道札幌市東区東苗穂四条２丁目５番１号,https://www.softbank.jp/shop/search/detail/DB24/
softbank,北海道,北海道,ソフトバンク 札幌栄町,北海道札幌市東区北四十二条東１８丁目１‐３,https://www.softbank.jp/shop/search/detail/D410/
softbank,北海道,北海道,ソフトバンク 札幌白石,北海道札幌市白石区本通５丁目南４‐１２　ＪＨＴビル２,https://www.softbank.jp/shop/search/detail/D371/
softbank,北海道,北海道,ソフトバンク 札幌美しが丘,北海道札幌市清田区美しが丘三条１丁目７‐２５,https://www.softbank.jp/shop/search/detail/DB08/
softbank,北海道,北海道,ソフトバンク 札幌藤野,北海道札幌市南区石山二条９丁目７‐５４　アクロスプラザ札幌南,https://www.softbank.jp/shop/search/detail/D312/
softbank,北海道,北海道,ソフトバンク 札幌西,北海道札幌市手稲区西宮の沢四条２丁目４番２７号,https://www.softbank.jp/shop/search/detail/D374/
softbank,北海道,北海道,ソフトバンク 札幌西野,北海道札幌市西区西野三条２丁目１‐３６,https://www.softbank.jp/shop/search/detail/D310/
softbank,北海道,北海道,ソフトバンク 札幌駅アピア,北海道札幌市中央区北五条西３丁目札幌駅南口広場地下街アピア内,https://www.softbank.jp/shop/search/detail/D394/
softbank,北海道,北海道,ソフトバンク 東光環状線,北海道旭川市東光十五条５丁目５‐２０,https://www.softbank.jp/shop/search/detail/D315/
softbank,北海道,北海道,ソフトバンク 根室,北海道根室市花咲町３丁目１７番地　ヒシサンホーマ内,https://www.softbank.jp/shop/search/detail/D339/
softbank,北海道,北海道,ソフトバンク 江別,北海道江別市一番町１８‐１,https://www.softbank.jp/shop/search/detail/D433/
softbank,北海道,北海道,ソフトバンク 深川,北海道深川市五条９番４０号,https://www.softbank.jp/shop/search/detail/D332/
softbank,北海道,北海道,ソフトバンク 環状永山,北海道旭川市永山九条４丁目６‐３,https://www.softbank.jp/shop/search/detail/D351/
softbank,北海道,北海道,ソフトバンク 環状通,北海道札幌市東区北十四条東１４丁目２‐１　プラスパークＮ１４,https://www.softbank.jp/shop/search/detail/D386/
softbank,北海道,北海道,ソフトバンク 留萌,北海道留萌市花園町３丁目１番５号,https://www.softbank.jp/shop/search/detail/D333/
softbank,北海道,北海道,ソフトバンク 登別,北海道登別市新生町２丁目１３‐１６,https://www.softbank.jp/shop/search/detail/D325/
softbank,北海道,北海道,ソフトバンク 石狩手稲通,北海道石狩市花川南九条１丁目１１番地,https://www.softbank.jp/shop/search/detail/D453/
softbank,北海道,北海道,ソフトバンク 神山,北海道函館市神山２丁目６番１３号１階,https://www.softbank.jp/shop/search/detail/D350/
softbank,北海道,北海道,ソフトバンク 稚内,北海道稚内市大黒５丁目４ー１０,https://www.softbank.jp/shop/search/detail/D329/
softbank,北海道,北海道,ソフトバンク 篠路,北海道札幌市北区篠路三条３丁目１‐２９,https://www.softbank.jp/shop/search/detail/DB10/
softbank,北海道,北海道,ソフトバンク 紋別,北海道紋別市落石町４丁目１８番地１５,https://www.softbank.jp/shop/search/detail/D342/
softbank,北海道,北海道,ソフトバンク 網走,北海道網走市駒場北６丁目１‐１９,https://www.softbank.jp/shop/search/detail/D343/
softbank,北海道,北海道,ソフトバンク 美唄大通,北海道美唄市大通東一条南４丁目２‐２０,https://www.softbank.jp/shop/search/detail/DB16/
softbank,北海道,北海道,ソフトバンク 美園,北海道札幌市豊平区美園三条２丁目１‐２８　ＭＤＧ美園ビル１Ｆ,https://www.softbank.jp/shop/search/detail/D316/
softbank,北海道,北海道,ソフトバンク 苫小牧中央,北海道苫小牧市若草町３丁目１‐２,https://www.softbank.jp/shop/search/detail/D327/
softbank,北海道,北海道,ソフトバンク 苫小牧桜木,北海道苫小牧市桜木町３丁目１７‐１９,https://www.softbank.jp/shop/search/detail/D323/
softbank,北海道,北海道,ソフトバンク 菊水元町,北海道札幌市白石区菊水元町五条２丁目２‐１８,https://www.softbank.jp/shop/search/detail/D447/
softbank,北海道,北海道,ソフトバンク 西岡,北海道札幌市豊平区西岡四条５丁目１‐３２Ｓ・Ｋビル１階,https://www.softbank.jp/shop/search/detail/D320/
softbank,北海道,北海道,ソフトバンク 西町,北海道札幌市西区西町南２丁目１ー１６Ｍ３４西町ビル１階,https://www.softbank.jp/shop/search/detail/DB25/
softbank,北海道,北海道,ソフトバンク 豊岡４条通,北海道旭川市豊岡四条３丁目６‐１３,https://www.softbank.jp/shop/search/detail/DB11/
softbank,北海道,北海道,ソフトバンク 野幌,北海道江別市野幌町４１‐５,https://www.softbank.jp/shop/search/detail/D301/
softbank,北海道,北海道,ソフトバンク 釧路文苑,北海道釧路市文苑２丁目４８‐６,https://www.softbank.jp/shop/search/detail/DB06/
softbank,北海道,北海道,ソフトバンク 釧路昭和,北海道釧路市昭和中央４丁目９‐１３,https://www.softbank.jp/shop/search/detail/D341/
softbank,北海道,北海道,ソフトバンク 釧路桂木,北海道釧路郡釧路町桂木４丁目２３,https://www.softbank.jp/shop/search/detail/DB28/
softbank,北海道,北海道,ソフトバンク 長崎屋小樽,北海道小樽市稲穂２丁目２０‐１　長崎屋小樽店１Ｆ,https://www.softbank.jp/shop/search/detail/D347/
softbank,北海道,北海道,ソフトバンク 音更木野,北海道河東郡音更町木野大通西１２丁目２番地７,https://www.softbank.jp/shop/search/detail/DB14/
softbank,北海道,北海道,ソフトバンク ＢＲＡＮＣＨ札幌月寒,北海道札幌市豊平区月寒東三条１１丁目１‐３５,https://www.softbank.jp/shop/search/detail/DB27/
